id,Width,height,Size
HEMI10287DT.JPG,4100,2733,48.09
HEMI10289DT.JPG,4100,2733,48.09
HEMI10292DT.JPG,4100,2733,48.09
HEMI2050ST.JPG,3600,2356,37.08
HEMI2051ST.JPG,3600,2387,37.08
HEMI2254ST.JPG,2346,3600,15.75
HEMI2336ST.JPG,2319,3600,15.39
HEMI2342ST.JPG,3600,2290,37.08
HEMI2614ST.JPG,3600,2325,37.08
HEMI2651ST.JPG,2426,3600,16.84
HEMI2717ST.JPG,4100,2674,48.09
HEMI2728ST.JPG,2337,3600,15.63
HEMI2896ST.JPG,3600,2315,37.08
HEMI3326ST.JPG,3600,2321,37.08
HEMI3333ST.JPG,2454,3600,17.23
HEMI3482ST.JPG,3600,2338,37.08
HEMI3500ST.JPG,3600,2322,37.08
HEMI3553ST.JPG,3600,2363,37.08
HEMI3560ST.JPG,3600,2340,37.08
HEMI3952ST.JPG,3600,2317,37.08
HEMI3963ST.JPG,2313,3600,15.31
HEMI3966ST.JPG,3600,2311,37.08
HEMI3984ST.JPG,3600,2325,37.08
HEMI4128ST.JPG,3600,2808,37.08
HEMI5302ST.JPG,3600,2456,37.08
HEMI5318ST.JPG,3600,2458,37.08
HEMI5319ST.JPG,2358,3600,15.91
HEMI5320ST.JPG,3600,2412,37.08
HEMI6411ST.JPG,2408,3600,16.59
HEMI6442ST.JPG,2367,3600,16.03
HEMI6448ST.JPG,3600,2389,37.08
HEMI6468ST.JPG,3600,2391,37.08
HEMI7447ST.JPG,3600,2353,37.08
HEMI7500ST.JPG,3600,2594,37.08
HEMI7563ST.JPG,3600,2290,37.08
HEMI7565ST.JPG,2306,3600,15.21
HEMI7568ST.JPG,3600,2291,37.08
HEMI7571ST.JPG,3600,2315,37.08
HEMI7577ST.JPG,3600,2323,37.08
HEMI7578ST.JPG,2331,3600,15.55
HEMI7581ST.JPG,2323,3600,15.44
HEMI7599ST.JPG,3600,2284,37.08
HEMI7600ST.JPG,3600,2357,37.08
HEMI7629ST.JPG,2314,3600,15.32
HEMI7745ST.JPG,3600,2310,37.08
HEMI7746ST.JPG,3600,2327,37.08
HEMI7747ST.JPG,3600,2347,37.08
HEMI7763ST.JPG,3600,2339,37.08
HEMI10233DF.JPG,5400,3600,83.43
HEMI10258DT.JPG,3548,5400,36.02
HEMI10273DT.JPG,5400,3600,83.43
HEMI10285DT.JPG,5400,3600,83.43
HEMI10288DT.JPG,5400,3600,83.43
HEMI10291DT.JPG,5400,3600,83.43
HEMI10306DT.JPG,5616,3744,90.24
HEMI1538ST.JPG,5047,5100,72.88
HEMI1543ST.JPG,5046,5100,72.85
HEMI2599ST.JPG,5325,3474,81.13
HEMI2639ST.JPG,5101,3126,74.44
HEMI4143ST.JPG,5355,3558,82.04
HEMI5301ST.JPG,3902,5837,43.56
HEMI5468ST.JPG,3745,5625,40.13
HEMI7232ST.JPG,6000,5762,103
HEMI7250ST.JPG,4212,4244,50.76
HEMI7256ST.JPG,4188,4132,50.18
HEMI7257ST.JPG,7896,8728,178.38
HEMI7598ST.JPG,5625,3596,90.52
HEMI7605ST.JPG,5532,3603,87.56
